{"loss": 2.2487144470214844, "acc": 0.5625, "epoch": 399, "_timestamp": 1724247076.895766, "_runtime": 26192.932084083557, "_step": 312799, "val_loss": 1.8090933561325073, "val_acc": 0.6973000168800354, "lr": 5.373948380991863e-06, "_wandb": {"runtime": 26191}}